order_id,customer_id,order_date,revenue,cost
1,1,2023-04-11,168.06,98.31
2,2,2023-06-30,87.76,47.67
3,2,2023-11-07,47.08,22.52
4,2,2023-07-14,194.58,107.53
5,2,2023-08-23,104.36,44.3
6,2,2023-07-09,30.15,16.87
7,3,2023-04-07,43.25,25.35
8,3,2023-04-17,61.16,30.67
9,3,2023-04-18,84.47,28.22
10,3,2023-04-23,113.66,60.43
11,3,2023-04-12,173.39,80.73
12,3,2023-04-14,177.8,74.86
13,3,2023-03-25,25.18,13.26
14,4,2023-02-28,22.62,9.17
15,4,2023-03-22,90.6,39.07
16,5,2023-01-26,131.98,73.74
17,5,2023-04-10,46.47,26.86
18,5,2023-01-31,66.48,29.1
19,6,2023-01-19,33.66,11.4
20,6,2023-01-15,47.34,16.17
21,6,2023-02-10,52.74,21.29
22,7,2023-01-10,27.36,9.59
23,7,2023-01-13,51.86,16.94
24,7,2023-01-07,102.94,37.25
25,8,2023-05-02,163.89,80.04
26,8,2023-05-03,177.24,102.14
27,10,2023-03-22,86.68,38.6
28,10,2023-04-12,86.4,37.91
29,10,2023-04-25,26.6,9.99
30,11,2023-01-19,115.87,43.19
31,11,2023-01-11,87.91,26.9
32,11,2023-01-13,58.06,23.12
33,11,2023-01-05,180.29,86.19
34,12,2023-08-22,125.63,65.78
35,12,2023-08-15,42.96,16.55
36,12,2023-08-12,136.27,64.21
37,13,2023-04-21,47.51,17.76
38,13,2023-04-23,53.58,20.66
39,13,2023-04-23,181.42,58.79
40,14,2023-01-30,194.5,108.85
41,14,2023-03-06,66.42,23.33
42,14,2023-02-17,187.29,87.47
43,15,2023-01-19,78.26,33.47
44,15,2023-02-03,63.63,21.28
45,16,2023-01-18,106.61,49.02
46,16,2023-01-14,80.59,27.43
47,18,2023-03-20,156.84,75.08
48,18,2023-03-05,94.13,38.09
49,18,2023-05-04,169.51,99.93
50,20,2023-01-23,153.4,72.46
51,20,2023-03-17,45.16,24.32
52,21,2023-03-03,166.62,83.24
53,22,2023-03-01,99.04,40.91
54,22,2023-01-28,74.25,38.93
55,22,2023-01-30,61.8,35.22
56,23,2023-01-24,189.17,92.37
57,23,2023-02-02,45.07,24.26
58,23,2023-02-19,116.02,65.92
59,24,2023-02-08,64.73,33.87
60,26,2023-05-24,39.91,22.11
61,26,2023-04-07,91.51,49.34
62,26,2023-04-07,61.27,31.66
63,27,2023-01-26,52.69,30.17
64,27,2023-02-09,92.15,40.42
65,27,2023-04-12,47.6,22.65
66,27,2023-02-04,130.06,39.72
67,28,2023-03-10,129.21,55.2
68,28,2023-03-25,188.19,108.71
69,28,2023-03-02,40.38,24.04
70,28,2023-04-08,42.44,24.46
71,28,2023-04-15,113.39,54.13
72,28,2023-02-28,29.86,11.96
73,29,2023-03-07,91.67,42.28
74,30,2023-02-12,101.4,37.25
75,30,2023-01-21,45.35,16.0
76,31,2023-03-24,133.81,40.67
77,31,2023-03-30,52.05,30.62
78,31,2023-03-02,94.63,30.81
79,32,2023-02-22,57.78,32.9
80,32,2023-01-18,54.32,16.89
81,32,2023-01-31,121.67,38.9
82,33,2023-01-20,120.74,41.85
83,33,2023-01-11,175.12,102.24
84,33,2023-01-19,68.73,33.9
85,34,2023-07-03,148.88,74.09
86,36,2023-05-13,23.55,7.8
87,37,2023-01-30,37.9,14.13
88,37,2023-03-01,174.03,95.55
89,38,2023-01-17,181.34,55.11
90,38,2023-01-09,57.42,17.68
91,39,2023-03-27,180.68,98.51
92,40,2023-02-18,126.25,48.03
93,41,2023-01-18,190.72,100.91
94,41,2023-01-12,176.32,78.68
95,41,2023-03-16,163.97,70.11
96,43,2023-01-11,45.08,24.82
97,43,2023-05-07,114.62,40.29
98,44,2023-08-06,41.2,19.49
99,45,2023-03-12,57.16,17.34
100,45,2023-01-22,182.0,102.31
101,46,2023-05-19,95.38,39.58
102,46,2023-03-28,28.45,9.95
103,46,2023-04-16,34.9,16.79
104,47,2023-02-02,84.02,43.33
105,48,2023-03-18,188.63,98.04
106,48,2023-02-21,25.61,9.7
107,49,2023-03-09,127.43,51.01
108,50,2023-01-15,151.07,67.78
109,51,2023-09-18,163.89,83.32
110,51,2023-08-07,126.24,51.54
111,53,2023-09-16,100.28,35.65
112,54,2023-07-11,64.94,29.02
113,54,2023-05-23,197.78,115.35
114,54,2023-05-17,147.0,84.9
115,54,2023-05-21,122.23,70.24
116,54,2023-05-17,145.54,56.64
117,55,2023-04-17,26.66,12.77
118,55,2023-03-03,41.7,13.47
119,55,2023-03-31,81.18,42.0
120,55,2023-02-26,76.75,35.45
121,55,2023-04-11,77.38,37.74
122,55,2023-04-30,130.86,48.4
123,57,2023-03-09,115.21,67.02
124,58,2023-02-02,132.95,74.73
125,58,2023-05-18,158.29,67.33
126,58,2023-01-30,152.76,56.77
127,58,2023-01-17,83.83,32.37
128,59,2023-01-04,23.22,13.85
129,60,2023-01-31,190.99,102.35
130,60,2023-01-26,95.16,53.65
131,61,2023-06-20,61.7,35.96
132,61,2023-03-02,129.39,58.72
133,61,2023-02-06,51.78,18.96
134,62,2023-01-20,194.44,109.88
135,62,2023-04-07,199.08,70.11
136,63,2023-06-05,60.4,22.18
137,63,2023-05-09,126.73,60.07
138,63,2023-04-18,177.94,67.56
139,65,2023-02-04,87.08,32.91
140,65,2023-02-27,109.26,35.43
141,65,2023-01-27,142.99,46.16
142,65,2023-03-18,109.13,48.47
143,65,2023-02-15,168.44,68.11
144,65,2023-02-22,121.83,46.31
145,66,2023-03-16,155.49,54.05
146,66,2023-04-20,176.93,54.63
147,66,2023-04-09,43.2,17.3
148,66,2023-03-28,48.94,26.69
149,66,2023-04-10,111.34,33.62
150,66,2023-02-26,131.05,77.89
151,66,2023-03-17,66.76,32.73
152,66,2023-03-11,160.37,53.26
153,67,2023-03-31,38.45,22.35
154,67,2023-02-13,32.21,12.57
155,67,2023-02-15,32.12,15.25
156,67,2023-01-22,131.76,41.34
157,68,2023-05-20,24.43,7.49
158,68,2023-04-19,107.96,57.34
159,68,2023-05-12,100.26,38.31
160,68,2023-09-30,96.71,42.11
161,69,2023-02-09,59.74,19.4
162,70,2023-12-17,47.19,20.28
163,70,2023-12-13,95.55,46.97
164,71,2023-08-01,93.68,53.23
165,72,2023-01-14,137.3,56.37
166,73,2023-03-02,159.79,84.89
167,73,2023-02-25,156.98,76.59
168,73,2023-01-05,25.85,14.9
169,74,2023-04-16,143.4,61.53
170,74,2023-04-18,108.49,34.64
171,74,2023-05-08,68.42,36.9
172,75,2023-03-17,90.65,40.25
173,75,2023-04-11,72.5,36.87
174,76,2023-04-08,38.89,14.49
175,76,2023-07-27,45.65,20.53
176,77,2023-04-10,113.19,36.94
177,77,2023-04-11,25.98,8.41
178,77,2023-04-14,43.89,20.64
179,78,2023-01-10,38.82,19.06
180,78,2023-02-10,25.69,14.92
181,80,2023-02-27,34.42,19.57
182,80,2023-01-31,167.11,72.81
183,80,2023-02-07,114.75,59.61
184,80,2023-01-10,30.86,11.55
185,80,2023-01-13,176.92,64.71
186,81,2023-06-15,138.57,62.28
187,81,2023-05-24,149.46,55.08
188,82,2023-04-03,33.0,10.2
189,82,2023-03-08,103.27,57.88
190,82,2023-04-07,153.69,65.73
191,83,2023-06-05,27.22,15.25
192,84,2023-03-07,182.13,77.68
193,84,2023-01-13,126.62,72.64
194,84,2023-01-11,132.13,64.67
195,85,2023-03-01,183.63,64.99
196,86,2023-03-22,108.61,40.64
197,86,2023-03-26,100.15,45.51
198,87,2023-04-03,194.49,73.41
199,87,2023-04-21,78.53,41.78
200,89,2023-05-13,50.56,23.05
201,89,2023-05-23,169.2,72.63
202,90,2023-02-13,50.17,15.6
203,90,2023-03-19,139.48,61.7
204,91,2023-01-11,68.55,21.74
205,91,2023-01-30,188.59,58.8
206,91,2023-01-11,101.4,58.83
207,91,2023-01-19,111.3,34.78
208,92,2023-06-14,135.04,75.67
209,92,2023-04-03,112.81,50.39
210,92,2023-04-17,45.14,13.95
211,93,2023-04-29,194.58,63.86
212,93,2023-04-29,99.88,55.98
213,94,2023-04-14,190.03,95.96
214,95,2023-06-18,144.11,72.48
215,95,2023-04-06,138.6,57.96
216,95,2023-04-30,39.19,19.49
217,95,2023-11-08,28.68,17.01
218,96,2023-04-14,92.75,36.92
219,96,2023-03-15,165.41,87.45
220,96,2023-03-29,98.4,53.66
221,96,2023-02-13,118.01,35.61
222,97,2023-03-01,145.18,60.48
223,98,2023-02-17,60.91,19.61
224,99,2023-01-16,175.4,79.93
225,99,2023-01-21,24.62,9.91
226,99,2023-01-16,91.79,43.51
227,100,2023-01-13,21.36,10.56
228,100,2023-03-16,63.83,36.9
229,100,2023-01-08,188.2,76.31
230,100,2023-01-10,107.46,40.52
231,100,2023-01-17,75.31,40.74
232,100,2023-01-30,76.04,36.73
233,101,2023-01-05,52.61,26.53
234,101,2023-01-08,114.53,58.72
235,103,2023-03-13,119.04,37.26
236,103,2023-02-22,191.25,91.89
237,103,2023-03-15,179.16,66.01
238,104,2023-02-27,171.18,97.57
239,105,2023-07-07,69.47,37.99
240,106,2023-02-16,101.32,48.23
241,106,2023-01-23,152.64,85.3
242,107,2023-02-01,135.55,65.35
243,108,2023-04-09,127.01,57.03
244,109,2023-02-20,92.78,39.75
245,110,2023-01-08,150.38,71.21
246,110,2023-01-14,34.3,11.17
247,110,2023-03-13,54.54,21.65
248,111,2023-01-23,113.43,36.33
249,112,2023-03-15,137.16,63.08
250,112,2023-01-22,79.94,40.04
251,113,2023-06-10,121.21,71.19
252,113,2023-06-14,144.2,51.95
253,113,2023-07-02,37.4,16.27
254,113,2023-07-21,82.56,41.24
255,114,2023-04-14,198.65,114.84
256,114,2023-05-03,171.57,78.29
257,114,2023-05-09,36.04,18.98
258,116,2023-05-14,67.36,27.49
259,116,2023-05-06,188.65,87.94
260,116,2023-05-14,91.46,39.71
261,117,2023-04-15,187.51,62.8
262,117,2023-05-29,88.51,49.87
263,117,2023-06-07,165.07,88.64
264,117,2023-04-18,34.57,14.55
265,117,2023-04-13,145.09,58.59
266,118,2023-03-13,186.1,83.02
267,118,2023-02-09,157.67,55.57
268,118,2023-02-02,91.76,31.56
269,119,2023-05-14,44.33,26.11
270,120,2023-03-09,99.11,32.87
271,120,2023-03-18,58.89,28.61
272,120,2023-03-19,47.36,15.08
273,121,2023-09-14,30.4,15.46
274,121,2023-08-10,63.05,21.61
275,123,2023-02-27,31.21,14.13
276,124,2023-01-29,96.7,32.8
277,124,2023-03-13,100.96,36.18
278,124,2023-01-20,94.54,51.83
279,124,2023-02-15,158.47,48.07
280,125,2023-01-25,156.85,53.51
281,125,2023-02-07,58.74,17.84
282,126,2023-02-06,118.63,51.76
283,126,2023-03-30,37.65,16.81
284,126,2023-02-07,78.44,40.88
285,126,2023-02-22,87.66,36.67
286,127,2023-05-17,98.77,37.18
287,127,2023-06-07,26.92,15.36
288,127,2023-05-01,134.7,67.05
289,127,2023-06-19,134.6,65.17
290,127,2023-04-15,113.31,39.1
291,128,2023-05-01,148.94,47.9
292,128,2023-05-01,22.18,13.02
293,128,2023-06-08,83.59,32.51
294,129,2023-01-06,37.71,18.78
295,129,2023-02-13,67.71,20.74
296,129,2023-01-03,194.21,75.48
297,130,2023-02-15,130.7,69.58
298,130,2023-03-14,115.45,36.09
299,130,2023-05-26,163.77,63.52
300,131,2023-02-14,187.06,68.72
301,131,2023-02-15,97.77,42.22
302,131,2023-03-02,189.75,70.63
303,131,2023-02-05,55.54,31.44
304,131,2023-03-05,71.46,38.93
305,131,2023-04-02,172.37,99.23
306,132,2023-03-12,151.13,80.54
307,132,2023-02-17,51.94,24.07
308,133,2023-01-13,43.71,22.63
309,133,2023-02-28,58.43,26.4
310,134,2023-02-04,121.7,61.66
311,134,2023-03-27,134.53,71.08
312,134,2023-01-30,103.08,31.21
313,134,2023-02-02,150.76,90.09
314,136,2023-02-17,151.95,73.66
315,136,2023-01-30,83.97,44.94
316,137,2023-03-27,26.36,13.81
317,138,2023-03-25,46.8,18.33
318,138,2023-05-15,199.34,81.83
319,139,2023-02-12,145.21,43.7
320,139,2023-02-25,83.99,45.21
321,139,2023-01-30,125.88,55.93
322,139,2023-02-27,31.67,15.01
323,140,2023-09-21,68.57,37.54
324,140,2023-08-23,33.87,10.76
325,140,2023-08-15,161.28,82.62
326,141,2023-07-27,98.12,32.04
327,141,2023-07-23,127.68,66.48
328,141,2024-01-24,187.96,92.62
329,142,2023-02-02,171.16,71.06
330,142,2023-02-12,125.8,44.7
331,142,2023-01-31,80.21,24.69
332,144,2023-02-01,189.32,71.52
333,144,2023-02-07,177.09,97.86
334,145,2023-02-09,44.03,14.27
335,145,2023-03-01,109.36,47.14
336,146,2023-01-31,44.36,23.31
337,146,2023-02-04,192.19,61.63
338,148,2023-02-19,183.13,68.65
339,149,2023-02-17,31.77,14.18
340,149,2023-01-05,31.28,17.89
341,150,2023-02-04,82.52,47.03
342,152,2023-02-02,66.83,34.7
343,152,2023-05-16,66.18,32.84
344,152,2023-01-23,121.76,53.47
345,152,2023-05-04,129.53,52.44
346,154,2023-02-18,173.11,81.08
347,155,2023-11-10,150.11,48.08
348,156,2023-02-04,107.25,37.51
349,156,2023-04-14,173.0,86.62
350,157,2023-03-31,31.21,14.16
351,157,2023-04-26,102.66,32.4
352,158,2023-04-02,79.44,41.87
353,158,2023-04-18,56.88,32.04
354,159,2023-05-22,158.96,48.98
355,159,2023-01-19,103.51,59.29
356,159,2023-02-09,109.61,36.35
357,160,2023-04-11,71.68,38.55
358,160,2023-04-14,134.22,72.39
359,160,2023-04-04,184.72,84.95
360,160,2023-03-25,145.26,78.15
361,160,2023-03-31,174.29,99.67
362,161,2023-02-03,53.16,30.21
363,161,2023-02-28,47.38,20.47
364,162,2023-05-05,164.65,74.35
365,163,2023-05-05,96.95,33.8
366,163,2023-03-02,120.76,55.33
367,163,2023-04-09,180.25,58.37
368,163,2023-04-10,53.73,29.95
369,163,2023-04-22,117.34,60.2
370,164,2023-03-06,84.4,37.83
371,164,2023-04-09,80.34,28.29
372,165,2023-01-14,45.55,18.42
373,165,2023-01-23,154.79,76.67
374,166,2023-08-13,134.15,45.33
375,166,2023-05-22,78.52,39.72
376,166,2023-04-21,51.48,28.66
377,167,2023-02-23,144.95,65.78
378,167,2023-02-03,58.28,18.06
379,168,2023-02-28,139.7,52.82
380,168,2023-03-25,140.73,65.88
381,168,2023-01-16,100.47,44.02
382,168,2023-03-13,118.4,49.03
383,169,2023-01-19,27.56,14.39
384,170,2023-05-06,155.71,84.31
385,170,2023-02-23,193.31,100.13
386,170,2023-03-05,169.29,65.08
387,171,2023-04-14,117.33,38.6
388,172,2023-01-20,74.23,35.59
389,173,2023-03-25,28.67,16.37
390,174,2023-01-18,63.11,33.98
391,174,2023-01-17,124.91,74.78
392,174,2023-03-15,113.86,36.33
393,174,2023-03-10,127.82,42.75
394,176,2023-01-28,77.05,33.16
395,176,2023-02-25,128.35,72.87
396,176,2023-01-29,129.28,63.27
397,176,2023-02-07,146.47,54.37
398,176,2023-02-02,38.76,16.1
399,177,2023-04-02,134.14,43.1
400,177,2023-03-20,85.13,37.61
401,177,2023-03-13,45.2,17.31
402,177,2023-06-26,79.64,35.41
403,178,2023-02-08,57.26,26.05
404,181,2023-01-29,80.99,43.8
405,182,2023-03-29,91.46,29.83
406,182,2023-02-05,40.49,16.34
407,183,2023-06-14,91.02,38.82
408,183,2023-06-20,183.37,94.29
409,183,2023-07-03,75.69,41.41
410,183,2023-09-06,167.82,50.42
411,183,2023-07-05,29.2,11.02
412,185,2023-02-01,102.12,41.94
413,185,2023-01-21,95.41,50.12
414,188,2023-03-17,21.82,10.71
415,188,2023-05-02,130.26,73.22
416,188,2023-03-28,41.7,23.8
417,188,2023-02-20,116.11,39.78
418,190,2023-02-05,123.9,38.8
419,192,2023-07-12,144.65,62.05
420,192,2023-06-19,69.57,27.26
421,192,2023-07-02,100.36,54.15
422,193,2023-06-14,86.81,41.7
423,193,2023-06-24,143.91,59.34
424,193,2023-05-24,97.5,33.42
425,193,2023-07-24,82.26,28.49
426,195,2023-02-09,76.02,38.25
427,195,2023-02-21,85.63,31.29
428,195,2023-06-06,101.72,51.52
429,196,2023-01-26,110.98,65.39
430,197,2023-03-19,89.84,31.26
431,199,2023-07-19,40.91,24.0
432,199,2023-05-22,179.91,86.52
433,200,2023-04-15,81.27,37.58
434,200,2023-04-06,119.67,55.35
435,200,2023-05-14,170.06,73.49
436,200,2023-04-11,66.68,23.9
437,202,2023-04-17,120.39,48.66
438,203,2023-01-28,132.72,59.28
439,204,2023-06-16,56.24,23.54
440,204,2023-05-19,105.6,48.88
441,204,2023-05-25,193.53,110.86
442,204,2023-06-25,116.01,65.08
443,206,2023-02-17,69.64,39.22
444,207,2023-05-05,107.01,59.83
445,207,2023-02-02,87.56,33.77
446,208,2023-03-28,108.62,51.4
447,208,2023-05-06,196.53,82.99
448,209,2023-01-04,173.71,75.0
449,209,2023-02-26,180.76,57.61
450,209,2023-03-06,100.7,45.63
451,209,2023-01-30,186.75,57.1
452,210,2023-01-21,84.57,45.78
453,210,2023-01-20,57.93,34.02
454,210,2023-01-11,199.61,100.41
455,210,2023-03-04,73.03,22.22
456,211,2023-03-31,158.41,78.82
457,211,2023-04-01,172.27,83.39
458,211,2023-02-19,107.77,34.84
459,212,2023-03-24,39.98,21.69
460,212,2023-06-08,33.02,19.37
461,213,2023-03-25,163.01,83.48
462,213,2023-03-06,33.12,13.94
463,214,2023-01-25,164.63,95.28
464,215,2023-04-04,60.69,29.87
465,215,2023-07-09,128.63,52.4
466,216,2023-03-23,110.56,48.07
467,217,2023-02-27,63.55,32.68
468,217,2023-03-16,164.71,76.71
469,218,2023-05-07,68.85,30.91
470,219,2023-04-02,29.78,15.62
471,220,2023-05-15,28.43,10.88
472,221,2023-04-29,20.69,7.74
473,222,2023-03-05,68.67,37.96
474,222,2023-03-03,162.01,91.95
475,223,2023-02-09,108.89,45.33
476,223,2023-02-05,146.69,44.2
477,223,2023-01-11,148.35,74.16
478,223,2023-04-17,156.99,91.88
479,224,2023-03-14,135.95,42.75
480,224,2023-02-10,192.22,86.52
481,225,2023-02-01,86.57,27.33
482,225,2023-03-03,94.97,51.92
483,226,2023-02-05,178.43,65.08
484,226,2023-02-19,129.4,50.28
485,227,2023-09-14,76.81,37.9
486,228,2023-04-06,71.73,29.43
487,228,2023-01-31,40.07,18.22
488,229,2023-05-28,80.72,24.68
489,229,2023-05-17,94.46,42.3
490,230,2023-03-01,103.54,60.99
491,230,2023-03-22,141.96,55.87
492,231,2023-04-06,158.63,86.0
493,231,2023-04-09,67.8,20.7
494,231,2023-04-16,159.17,72.48
495,231,2023-04-18,86.91,26.11
496,232,2023-04-20,160.98,85.98
497,232,2023-03-01,91.64,35.82
498,232,2023-02-13,61.08,22.84
499,232,2023-03-02,154.54,68.33
500,234,2023-02-23,60.57,21.73
501,234,2023-02-14,132.03,70.56
502,234,2023-03-07,46.45,25.24
503,234,2023-03-12,89.87,45.14
504,234,2023-02-19,82.13,47.24
505,234,2023-02-20,104.6,59.31
506,235,2023-01-18,21.41,10.48
507,236,2023-06-21,115.34,42.97
508,237,2023-01-29,165.25,72.36
509,237,2023-02-12,97.91,30.66
510,238,2023-01-09,29.0,16.04
511,239,2023-06-02,199.07,102.23
512,239,2023-07-01,122.52,46.3
513,239,2023-03-21,126.84,40.83
514,239,2023-04-02,196.61,70.2
515,239,2023-04-20,183.42,106.95
516,240,2023-01-31,149.3,55.87
517,240,2023-02-11,139.99,48.83
518,240,2023-02-05,158.89,71.45
519,240,2023-01-12,21.63,8.81
520,241,2023-06-26,77.9,43.19
521,241,2023-07-28,37.17,15.93
522,243,2023-06-07,91.61,52.75
523,243,2023-10-24,28.08,14.83
524,244,2023-04-13,191.17,90.45
525,244,2023-02-10,161.76,60.71
526,245,2023-01-09,54.49,31.36
527,245,2023-01-04,111.07,40.68
528,248,2023-10-22,124.69,53.74
529,248,2023-08-19,113.01,59.63
530,249,2023-09-23,190.36,108.08
531,250,2023-05-02,126.4,44.98
532,250,2023-05-08,173.91,62.98
533,250,2023-04-28,32.42,18.88
534,251,2023-02-25,158.8,78.83
535,251,2023-01-25,177.66,82.03
536,251,2023-01-30,96.54,30.05
537,251,2023-01-25,157.8,47.34
538,252,2023-05-18,60.7,23.75
539,252,2023-02-09,61.47,18.47
540,253,2023-06-04,172.72,73.71
541,253,2023-05-05,78.55,40.36
542,253,2023-06-14,52.69,21.67
543,254,2023-02-24,34.12,15.81
544,254,2023-03-01,50.12,26.77
545,254,2023-02-18,191.4,59.86
546,254,2023-02-01,128.28,49.9
547,254,2023-03-01,156.62,51.8
548,255,2023-04-03,168.95,86.02
549,255,2023-02-18,103.11,59.42
550,256,2023-04-08,55.14,22.25
551,256,2023-03-02,196.13,109.24
552,256,2023-03-26,150.87,70.7
553,257,2023-07-31,152.2,63.21
554,257,2023-06-15,171.02,51.89
555,257,2023-07-21,194.65,83.95
556,258,2023-06-23,29.3,13.23
557,258,2023-04-20,175.28,62.01
558,258,2023-04-30,119.49,50.06
559,260,2023-01-17,176.85,88.75
560,260,2023-02-23,65.08,31.72
561,261,2023-04-01,29.33,13.63
562,261,2023-03-09,75.22,30.53
563,261,2023-03-28,80.13,41.65
564,262,2023-11-18,71.44,30.71
565,263,2023-01-24,190.0,93.58
566,263,2023-02-12,133.81,48.13
567,264,2023-02-22,69.74,29.96
568,264,2023-06-10,32.15,14.65
569,265,2023-05-21,152.82,78.15
570,265,2023-05-22,82.37,34.54
571,266,2023-04-11,68.34,26.4
572,267,2023-03-15,191.26,74.44
573,267,2023-03-15,127.83,62.27
574,267,2023-04-13,68.13,20.75
575,268,2023-04-11,76.32,29.1
576,268,2023-04-10,175.9,102.73
577,268,2023-03-17,47.87,27.93
578,269,2023-02-22,146.21,73.69
579,269,2023-02-11,22.77,10.81
580,270,2023-04-25,91.83,50.68
581,271,2023-08-01,38.34,11.6
582,272,2023-05-21,184.62,79.42
583,273,2023-06-09,21.63,10.31
584,274,2023-07-03,36.45,13.11
585,274,2023-07-28,152.97,46.52
586,275,2023-02-21,64.56,20.58
587,276,2023-05-12,170.93,92.56
588,276,2023-04-03,187.89,87.04
589,276,2023-02-17,131.02,68.51
590,276,2023-03-23,113.86,36.5
591,277,2023-04-16,86.32,49.08
592,277,2023-05-09,161.73,70.56
593,277,2023-05-06,64.71,33.11
594,278,2023-05-25,31.52,17.25
595,278,2023-03-14,99.91,30.63
596,279,2023-04-03,186.88,61.97
597,279,2023-04-26,93.74,46.55
598,280,2023-04-11,32.69,11.63
599,281,2023-05-23,75.77,28.41
600,281,2023-06-03,116.4,47.38
601,281,2023-05-26,169.14,90.79
602,281,2023-05-24,184.48,108.08
603,282,2023-02-15,189.4,106.61
604,284,2023-01-12,174.59,87.83
605,284,2023-03-01,174.58,91.57
606,285,2023-03-26,52.27,26.56
607,285,2023-02-28,41.16,14.39
608,287,2023-02-09,23.44,8.2
609,287,2023-04-14,63.48,25.79
610,287,2023-02-10,60.03,27.36
611,288,2023-03-02,62.16,22.74
612,288,2023-05-23,130.93,61.15
613,289,2023-02-25,146.39,51.46
614,289,2023-02-10,94.15,52.83
615,290,2023-03-22,41.1,16.49
616,290,2023-02-27,144.57,52.32
617,291,2023-01-23,95.47,29.16
618,291,2023-02-18,32.43,14.34
619,292,2023-01-03,150.22,69.21
620,292,2023-02-26,167.85,92.82
621,292,2023-01-22,80.05,43.02
622,293,2023-06-10,178.86,78.68
623,295,2023-01-11,177.92,74.16
624,295,2023-02-01,194.25,62.15
625,295,2023-02-09,33.34,13.76
626,296,2023-02-21,83.09,34.21
627,296,2023-02-16,86.52,38.01
628,296,2023-03-24,138.21,70.85
629,296,2023-02-14,59.18,29.5
630,297,2023-05-17,159.11,73.91
631,299,2023-03-04,140.81,68.45
632,299,2023-04-09,50.58,18.13
633,299,2023-05-05,155.0,88.73
634,299,2023-04-11,127.49,63.27
635,299,2023-05-04,124.19,60.82
636,300,2023-02-12,68.77,24.8
637,301,2023-01-11,96.47,55.21
638,302,2023-02-17,145.31,60.28
639,303,2023-03-23,67.53,39.28
640,303,2023-03-18,78.41,29.86
641,303,2023-02-22,145.04,53.03
642,304,2023-04-21,160.04,84.54
643,304,2023-03-08,35.91,18.3
644,305,2023-03-28,26.06,14.69
645,305,2023-03-27,120.32,37.5
646,306,2023-10-20,199.31,109.15
647,306,2023-10-06,64.82,30.66
648,306,2023-08-14,37.09,22.24
649,306,2023-08-23,154.67,83.83
650,307,2023-02-28,43.41,13.32
651,307,2023-02-26,161.07,75.68
652,307,2023-02-24,137.78,50.92
653,309,2023-05-30,131.51,61.68
654,309,2023-05-05,175.6,83.6
655,309,2023-05-02,198.32,104.52
656,310,2023-01-26,127.43,73.71
657,310,2023-04-08,81.54,37.37
658,311,2023-03-24,148.72,71.08
659,311,2023-02-05,101.86,51.18
660,311,2023-03-09,87.16,50.77
661,312,2023-02-09,145.48,71.95
662,313,2023-02-01,127.87,45.24
663,314,2023-07-17,160.24,77.38
664,314,2023-08-22,170.87,92.41
665,314,2023-10-22,116.47,52.01
666,314,2023-08-01,47.66,22.49
667,315,2023-05-02,29.36,9.09
668,315,2023-05-05,35.22,16.98
669,315,2023-06-21,178.92,89.05
670,316,2023-04-22,71.57,38.7
671,316,2023-09-05,25.4,14.46
672,316,2023-04-11,195.21,85.8
673,317,2023-02-13,32.06,19.0
674,318,2023-01-26,32.79,11.91
675,318,2023-01-19,104.44,39.75
676,318,2023-01-15,50.15,17.26
677,319,2023-02-28,78.73,30.69
678,319,2023-01-18,43.34,16.34
679,319,2023-01-24,141.32,45.05
680,319,2023-01-18,165.62,56.99
681,320,2023-01-20,107.22,41.89
682,320,2023-02-11,164.68,56.18
683,321,2023-03-18,69.26,30.91
684,321,2023-02-19,102.73,40.26
685,322,2023-04-02,102.52,53.05
686,323,2023-03-29,171.22,102.19
687,323,2023-05-11,86.86,31.14
688,323,2023-03-26,153.5,68.73
689,323,2023-03-25,170.88,69.79
690,324,2023-02-07,157.24,53.12
691,324,2023-01-26,191.26,67.45
692,325,2023-07-12,119.48,49.18
693,325,2023-08-06,45.42,21.4
694,325,2023-07-11,70.16,25.65
695,326,2023-06-08,194.59,91.73
696,326,2023-03-26,87.42,47.15
697,327,2023-03-14,172.12,92.73
698,328,2023-03-05,59.28,33.33
699,329,2023-02-02,176.72,95.04
700,330,2023-02-05,83.22,27.31
701,330,2023-02-06,185.73,57.95
702,331,2023-02-04,183.52,80.83
703,332,2023-04-16,97.4,46.66
704,332,2023-11-13,158.5,66.47
705,333,2023-01-07,81.27,36.83
706,333,2023-01-29,183.91,83.3
707,334,2023-01-09,119.21,51.43
708,335,2023-01-03,100.83,37.43
709,337,2023-05-25,70.59,24.85
710,338,2023-04-24,42.59,22.65
711,338,2023-03-22,141.93,66.67
712,339,2023-02-08,168.83,77.23
713,339,2023-03-24,62.2,25.1
714,341,2023-03-16,77.16,42.78
715,341,2023-05-09,179.27,93.53
716,341,2023-02-19,70.69,41.64
717,341,2023-02-10,148.89,76.21
718,342,2023-02-10,99.7,37.72
719,342,2023-02-20,170.22,98.84
720,342,2023-02-14,87.05,50.37
721,345,2023-02-04,194.25,84.31
722,346,2023-03-18,139.14,73.1
723,347,2023-03-02,58.24,29.07
724,347,2023-03-17,92.43,52.26
725,347,2023-05-08,183.65,72.39
726,347,2023-04-06,68.89,24.61
727,347,2023-03-08,81.58,35.0
728,348,2023-02-11,115.66,44.69
729,349,2023-02-15,49.59,16.61
730,349,2023-02-21,182.43,73.55
731,350,2023-03-15,78.82,23.9
732,350,2023-04-21,164.18,54.4
733,350,2023-03-25,103.52,34.74
734,350,2023-06-26,58.65,18.78
735,350,2023-03-27,153.0,47.39
736,350,2023-04-01,115.81,38.33
737,351,2023-02-21,188.9,103.07
738,352,2023-05-09,29.06,9.18
739,352,2023-06-01,102.43,37.69
740,352,2023-05-25,65.51,31.01
741,353,2023-03-18,85.26,46.19
742,353,2023-03-17,57.63,18.75
743,353,2023-03-24,106.78,58.97
744,354,2023-03-01,168.25,69.89
745,355,2023-01-08,188.07,95.01
746,355,2023-01-27,25.88,11.46
747,356,2023-04-04,194.81,91.3
748,357,2023-01-18,40.94,19.81
749,358,2023-03-07,119.12,50.15
750,358,2023-04-16,166.64,80.58
751,359,2023-06-22,83.88,35.56
752,360,2023-03-08,52.72,18.3
753,360,2023-04-14,27.54,11.73
754,361,2023-02-06,110.44,57.37
755,361,2023-05-05,59.68,33.77
756,362,2023-03-25,141.94,60.83
757,362,2023-04-11,168.4,57.92
758,362,2023-04-25,117.25,64.89
759,362,2023-03-19,88.23,50.69
760,362,2023-03-11,171.96,76.56
761,363,2023-02-17,27.07,10.33
762,363,2023-02-06,196.1,115.64
763,364,2023-03-22,164.98,96.35
764,364,2023-03-04,160.99,61.14
765,365,2023-07-17,138.71,70.24
766,367,2023-07-21,75.3,34.93
767,367,2023-07-30,48.84,17.16
768,368,2023-06-05,38.04,11.6
769,368,2023-06-23,128.44,44.81
770,368,2023-05-29,24.27,13.36
771,369,2023-01-21,176.31,101.9
772,370,2023-01-06,123.31,51.53
773,372,2023-02-17,75.16,23.46
774,373,2023-01-15,147.7,56.34
775,373,2023-03-17,87.45,40.66
776,373,2023-01-07,96.7,53.16
777,374,2023-04-29,187.47,61.6
778,374,2023-03-27,80.74,45.31
779,376,2023-02-13,99.58,39.86
780,376,2023-02-08,115.39,40.2
781,377,2023-04-26,68.27,27.88
782,377,2023-05-07,142.35,45.13
783,377,2023-04-23,90.54,46.1
784,378,2023-01-11,179.5,102.08
785,379,2023-04-27,63.3,31.76
786,380,2023-03-01,84.89,42.56
787,380,2023-01-29,34.62,20.69
788,380,2023-01-25,197.92,117.4
789,380,2023-03-08,138.7,65.65
790,381,2023-02-05,94.01,40.26
791,381,2023-01-20,121.56,67.49
792,382,2023-05-03,120.11,64.12
793,382,2023-03-13,167.31,52.21
794,383,2023-04-13,65.54,36.68
795,383,2023-03-04,42.67,25.34
796,383,2023-04-03,172.44,68.51
797,384,2023-05-22,69.67,36.97
798,384,2023-05-13,144.62,53.51
799,384,2023-06-04,154.47,56.48
800,384,2023-05-07,43.58,21.0
801,385,2023-04-29,81.44,36.12
802,386,2023-04-10,66.55,20.52
803,386,2023-05-07,96.75,44.93
804,386,2023-04-13,73.27,36.57
805,387,2023-03-27,123.84,58.1
806,388,2023-01-14,128.16,51.56
807,389,2023-05-01,72.8,33.32
808,389,2023-04-29,182.05,97.88
809,390,2023-04-09,68.95,25.19
810,390,2023-05-11,134.07,64.09
811,390,2023-04-09,151.18,60.03
812,391,2023-10-11,37.0,20.33
813,391,2023-12-21,136.96,45.34
814,392,2023-02-01,148.18,60.31
815,392,2023-02-09,22.32,10.31
816,392,2023-03-30,192.37,90.36
817,393,2023-02-20,88.4,42.62
818,394,2023-04-02,76.69,25.23
819,395,2023-02-17,177.25,106.11
820,395,2023-02-21,166.25,66.18
821,396,2023-07-13,142.79,56.34
822,398,2023-02-28,144.82,73.88
823,399,2023-03-25,71.22,30.83
824,399,2023-04-22,172.99,62.08
825,399,2023-03-29,193.43,64.3
826,399,2023-04-13,125.4,57.99
827,399,2023-03-27,30.26,10.04
828,400,2023-04-25,167.61,52.37
829,400,2023-04-15,144.08,54.13
830,401,2023-02-15,85.67,42.17
831,401,2023-01-25,54.19,27.67
832,401,2023-01-31,84.55,48.48
833,401,2023-01-07,76.84,24.36
834,402,2023-06-04,156.13,68.11
835,402,2023-06-04,188.25,70.64
836,402,2023-05-23,125.22,73.98
837,403,2023-02-24,111.07,38.72
838,404,2023-05-01,40.73,23.01
839,404,2023-05-02,89.71,44.67
840,404,2023-05-03,136.68,43.52
841,405,2023-02-12,128.33,60.9
842,405,2023-02-08,80.86,27.33
843,405,2023-02-07,49.28,25.64
844,405,2023-01-31,30.54,14.22
845,406,2023-07-03,117.25,37.96
846,406,2023-06-10,183.44,76.84
847,406,2023-05-26,45.82,15.83
848,407,2023-04-24,155.92,74.22
849,407,2023-03-23,34.43,15.25
850,408,2023-03-26,42.38,23.84
851,408,2023-04-17,51.89,26.81
852,408,2023-01-02,92.98,42.3
853,409,2023-05-22,196.85,64.14
854,409,2023-07-11,70.46,23.93
855,409,2023-06-08,135.91,56.31
856,409,2023-05-23,127.9,73.0
857,409,2023-06-05,58.94,25.51
858,411,2023-02-17,168.67,82.55
859,411,2023-03-11,127.74,54.19
860,411,2023-04-29,117.4,56.53
861,411,2023-01-31,132.62,62.53
862,412,2023-07-26,157.46,71.96
863,413,2023-07-17,49.41,17.56
864,413,2023-07-06,89.61,28.26
865,414,2023-03-07,171.05,58.77
866,414,2023-03-14,31.17,10.02
867,415,2023-03-04,27.93,9.93
868,415,2023-03-24,136.2,42.72
869,415,2023-05-27,171.59,66.75
870,415,2023-03-03,50.58,17.1
871,415,2023-03-04,113.34,42.36
872,416,2023-02-19,119.85,38.71
873,416,2023-02-05,140.68,69.29
874,416,2023-02-20,108.14,45.92
875,416,2023-02-05,80.37,28.38
876,418,2023-02-07,62.65,20.62
877,418,2023-01-29,163.55,82.31
878,418,2023-02-16,105.52,60.86
879,420,2023-05-09,198.65,73.94
880,421,2023-04-20,196.08,69.46
881,421,2023-05-23,80.15,41.62
882,421,2023-04-21,124.1,68.23
883,422,2023-05-09,45.2,19.2
884,422,2023-04-27,92.49,42.16
885,423,2023-02-08,91.28,31.03
886,424,2023-04-22,198.48,71.95
887,424,2023-02-23,140.46,62.52
888,425,2023-01-29,49.06,21.66
889,425,2023-01-28,122.65,44.53
890,426,2023-03-02,160.44,75.27
891,427,2023-03-23,152.3,73.57
892,427,2023-02-24,43.97,16.64
893,428,2023-05-22,21.16,9.5
894,428,2023-05-22,152.23,46.76
895,429,2023-02-14,36.46,17.78
896,429,2023-02-18,93.33,42.6
897,430,2023-03-08,123.88,70.26
898,430,2023-02-04,165.83,71.12
899,431,2023-01-19,55.76,20.86
900,431,2023-01-20,119.92,57.13
901,431,2023-01-26,130.78,42.43
902,433,2023-03-06,70.99,29.82
903,434,2023-02-07,140.4,75.76
904,435,2023-01-11,179.51,78.55
905,436,2023-05-16,28.86,10.66
906,436,2023-05-21,66.11,24.21
907,436,2023-03-18,174.64,78.59
908,436,2023-04-16,63.03,33.24
909,436,2023-04-25,76.27,32.28
910,436,2023-03-21,195.78,96.65
911,437,2023-04-16,90.84,30.81
912,437,2023-02-07,151.28,71.48
913,437,2023-01-11,110.8,43.62
914,437,2023-01-21,136.14,71.28
915,438,2023-04-23,55.75,29.83
916,439,2023-06-16,87.8,35.28
917,439,2023-03-16,107.51,35.77
918,439,2023-03-23,77.05,41.81
919,439,2023-05-16,74.44,41.51
920,439,2023-05-12,157.64,54.23
921,440,2023-02-06,111.9,37.6
922,440,2023-01-17,164.43,91.82
923,440,2023-01-10,191.43,76.31
924,440,2023-02-07,155.33,84.43
925,441,2023-02-11,153.56,77.29
926,441,2023-01-14,177.15,62.12
927,441,2023-01-07,149.14,66.02
928,442,2023-11-09,118.8,42.38
929,442,2023-10-24,112.0,53.9
930,443,2023-03-24,140.78,71.67
931,443,2023-02-11,178.27,92.27
932,443,2023-02-01,93.4,52.86
933,443,2023-01-30,193.05,97.25
934,444,2023-04-23,73.69,39.25
935,444,2023-02-11,45.07,13.67
936,445,2023-04-23,113.7,49.14
937,445,2023-06-13,110.99,50.2
938,445,2023-04-15,196.89,73.83
939,447,2023-10-30,55.23,30.16
940,447,2023-10-15,95.41,41.73
941,447,2023-09-22,155.38,70.52
942,448,2023-06-09,82.1,25.98
943,448,2023-03-31,95.37,34.89
944,448,2023-03-25,184.7,102.17
945,449,2023-02-01,32.17,16.64
946,450,2023-01-27,82.79,34.15
947,450,2023-02-04,149.37,49.77
948,452,2023-02-25,27.01,11.28
949,452,2023-04-08,81.42,35.28
950,453,2023-03-20,102.93,61.41
951,453,2023-02-22,197.64,104.03
952,453,2023-02-11,116.91,69.87
953,453,2023-04-02,37.53,19.21
954,454,2023-06-07,62.26,33.97
955,455,2023-01-19,63.41,23.47
956,455,2023-01-10,53.68,25.05
957,456,2023-02-24,177.66,101.55
958,457,2023-04-02,30.84,12.01
959,457,2023-01-11,77.67,27.13
960,458,2023-03-09,42.29,13.58
961,459,2023-01-06,191.98,71.82
962,459,2023-03-03,50.39,28.03
963,459,2023-01-04,112.12,59.52
964,460,2023-01-18,72.01,29.75
965,460,2023-01-22,118.02,41.07
966,460,2023-02-12,50.16,19.72
967,460,2023-01-28,163.36,85.25
968,461,2023-01-31,35.74,14.77
969,462,2023-03-13,192.02,112.54
970,463,2023-03-29,90.6,52.94
971,464,2023-02-25,196.63,81.5
972,465,2023-07-20,188.85,108.64
973,465,2023-09-19,132.58,71.92
974,465,2023-07-18,80.26,31.63
975,466,2023-02-25,166.59,69.07
976,466,2023-02-02,55.4,20.57
977,467,2023-02-25,85.25,46.65
978,467,2023-01-27,104.43,56.42
979,468,2023-07-05,81.73,41.29
980,470,2023-08-15,63.34,26.35
981,470,2023-07-20,46.49,18.1
982,472,2023-08-18,42.18,16.55
983,473,2023-02-12,118.4,66.94
984,473,2023-01-27,116.22,41.68
985,473,2023-01-08,184.97,73.68
986,474,2023-08-13,152.83,73.24
987,474,2023-07-16,28.93,10.91
988,475,2023-03-27,185.46,79.22
989,476,2023-11-06,183.72,86.47
990,476,2023-12-07,166.13,66.88
991,476,2023-11-11,172.72,70.64
992,477,2023-01-06,92.34,46.37
993,477,2023-01-22,154.81,63.02
994,477,2023-02-04,53.56,28.11
995,477,2023-01-28,56.73,21.99
996,477,2023-02-15,106.87,38.99
997,477,2023-04-17,148.72,87.32
998,478,2023-03-26,65.39,28.38
999,478,2023-02-21,57.08,17.14
1000,478,2023-02-19,195.91,73.02
1001,479,2023-09-06,128.05,66.51
1002,479,2023-09-11,195.57,92.32
1003,479,2023-08-10,136.72,43.82
1004,480,2023-02-25,166.83,79.94
1005,481,2023-05-01,35.86,19.11
1006,481,2023-04-26,52.73,22.63
1007,481,2023-03-06,147.19,67.8
1008,482,2023-03-20,27.47,10.9
1009,483,2023-03-16,187.43,85.89
1010,483,2023-02-14,29.51,15.28
1011,483,2023-02-09,74.5,34.25
1012,483,2023-03-02,128.1,44.82
1013,484,2023-03-27,54.56,27.28
1014,484,2023-03-30,128.44,57.4
1015,484,2023-03-23,80.2,36.55
1016,484,2023-03-07,164.93,58.67
1017,484,2023-03-03,98.52,49.01
1018,485,2023-03-18,82.46,47.82
1019,486,2023-05-20,105.46,42.28
1020,486,2023-08-02,22.16,10.32
1021,486,2023-06-28,107.3,34.94
1022,487,2023-01-22,97.25,31.36
1023,487,2023-01-06,170.75,63.51
1024,487,2023-01-09,110.88,58.84
1025,489,2023-07-01,29.49,16.23
1026,492,2023-03-16,27.19,11.82
1027,492,2023-03-25,122.76,49.07
1028,493,2023-02-02,37.91,20.09
1029,494,2023-02-11,102.02,45.36
1030,494,2023-02-24,70.75,27.98
1031,494,2023-03-31,30.12,13.42
1032,494,2023-03-27,129.87,60.25
1033,494,2023-01-21,81.79,45.44
1034,495,2023-02-07,193.46,79.92
1035,495,2023-03-06,34.35,17.34
1036,496,2023-02-22,157.94,66.64
1037,496,2023-03-31,136.76,77.92
1038,497,2023-03-05,56.32,32.25
1039,498,2023-02-16,105.35,38.74
1040,498,2023-02-02,27.26,10.85
1041,498,2023-01-23,46.63,27.76
1042,499,2023-08-14,158.43,67.75
1043,500,2023-09-16,100.25,54.64
